               epoch,      train/box_loss,      train/obj_loss,      train/cls_loss,   metrics/precision,      metrics/recall,     metrics/mAP_0.5,metrics/mAP_0.5:0.95,        val/box_loss,        val/obj_loss,        val/cls_loss,               x/lr0,               x/lr1,               x/lr2
                   0,            0.092004,            0.019913,            0.039556,              0.9052,             0.16883,             0.22271,            0.087683,            0.059309,            0.010239,            0.026762,             0.07039,             0.00329,             0.00329
                   1,            0.059296,            0.018479,            0.022702,             0.57224,             0.46981,             0.36956,             0.16297,            0.053312,           0.0052632,            0.013884,            0.040368,           0.0066015,           0.0066015
                   2,            0.056094,             0.01629,            0.016975,             0.52122,             0.47517,             0.32919,             0.12806,            0.055929,           0.0054027,            0.015503,            0.010324,            0.009891,            0.009891
                   3,            0.052356,            0.016211,            0.014808,             0.70519,             0.41352,             0.44866,             0.18679,            0.048133,            0.006019,            0.025755,            0.009901,            0.009901,            0.009901
                   4,            0.049968,             0.01625,            0.014266,              0.7192,             0.42023,             0.45114,             0.19519,            0.047742,           0.0088423,            0.039121,            0.009901,            0.009901,            0.009901
                   5,            0.048082,            0.015923,            0.014013,             0.73674,             0.47008,             0.50988,             0.23407,             0.04574,           0.0059706,            0.012046,            0.009868,            0.009868,            0.009868
                   6,            0.045885,            0.015659,            0.011819,             0.86792,             0.52604,             0.58093,             0.27407,            0.045785,           0.0053076,            0.006862,            0.009835,            0.009835,            0.009835
                   7,            0.044159,            0.015501,            0.011695,             0.85184,             0.46266,              0.5645,             0.29769,            0.040176,           0.0061831,           0.0097779,            0.009802,            0.009802,            0.009802
                   8,            0.044612,            0.015556,            0.010726,              0.8406,              0.5197,             0.58879,             0.31595,            0.043843,           0.0070403,           0.0074845,            0.009769,            0.009769,            0.009769
                   9,            0.042919,              0.0152,            0.010225,             0.86499,              0.5277,             0.57195,             0.31819,            0.042251,           0.0049783,            0.012547,            0.009736,            0.009736,            0.009736
                  10,            0.041871,            0.015187,           0.0099465,             0.81708,             0.49079,             0.59228,             0.30128,             0.04028,           0.0052106,            0.011737,            0.009703,            0.009703,            0.009703
                  11,            0.040927,            0.014854,           0.0096669,             0.88497,             0.46504,             0.58976,             0.32327,            0.039297,           0.0054939,            0.010612,             0.00967,             0.00967,             0.00967
                  12,            0.041081,             0.01489,           0.0092291,             0.91055,             0.55404,              0.6363,             0.37664,            0.033288,           0.0049576,           0.0087064,            0.009637,            0.009637,            0.009637
                  13,            0.039667,            0.014216,           0.0082262,             0.88925,             0.58919,             0.68689,             0.38428,            0.037091,            0.004725,            0.006309,            0.009604,            0.009604,            0.009604
                  14,             0.03971,            0.014287,           0.0088478,              0.7828,             0.49927,             0.57357,             0.32112,            0.036124,           0.0047706,            0.019271,            0.009571,            0.009571,            0.009571
                  15,            0.039116,            0.014281,           0.0090008,             0.86636,             0.55832,             0.63394,             0.34828,            0.035779,            0.005201,            0.012491,            0.009538,            0.009538,            0.009538
                  16,            0.038996,            0.014475,           0.0093192,             0.89261,               0.472,             0.57051,             0.28253,            0.038841,           0.0051006,             0.01439,            0.009505,            0.009505,            0.009505
                  17,             0.03904,            0.014488,            0.008524,             0.89235,              0.6203,              0.6644,             0.38227,            0.032879,           0.0048578,           0.0047482,            0.009472,            0.009472,            0.009472
                  18,            0.038515,             0.01406,           0.0088324,             0.85872,             0.56068,             0.62242,             0.34653,            0.038181,           0.0055954,           0.0080657,            0.009439,            0.009439,            0.009439
                  19,            0.037939,            0.014119,           0.0081753,             0.91233,               0.637,             0.67302,             0.40022,            0.033316,             0.00453,           0.0064069,            0.009406,            0.009406,            0.009406
                  20,            0.037657,            0.014085,           0.0075844,             0.89328,             0.63152,             0.66168,             0.40049,            0.033202,           0.0047872,           0.0097044,            0.009373,            0.009373,            0.009373
                  21,            0.037651,             0.01387,           0.0074699,             0.95594,             0.57783,             0.66748,             0.41729,            0.032064,            0.004622,           0.0072671,             0.00934,             0.00934,             0.00934
                  22,            0.036667,            0.013605,           0.0076524,             0.91194,             0.60895,             0.66958,             0.38632,            0.033455,           0.0046903,           0.0080459,            0.009307,            0.009307,            0.009307
                  23,            0.036707,            0.013638,           0.0077916,             0.89476,              0.6475,             0.73451,              0.4335,            0.034558,           0.0044417,           0.0044156,            0.009274,            0.009274,            0.009274
                  24,            0.036779,            0.013641,           0.0071558,             0.79228,             0.64033,             0.64118,             0.39293,             0.03186,           0.0045965,            0.011379,            0.009241,            0.009241,            0.009241
                  25,            0.037096,            0.013552,           0.0063686,             0.91472,             0.62151,             0.66048,             0.39702,            0.033683,           0.0044264,            0.011907,            0.009208,            0.009208,            0.009208
                  26,            0.035723,            0.013661,           0.0063672,             0.90405,             0.63184,             0.72662,             0.45641,            0.030858,           0.0044602,           0.0095353,            0.009175,            0.009175,            0.009175
                  27,            0.035952,            0.013339,           0.0068903,             0.91202,             0.56809,             0.66476,             0.40679,            0.033323,           0.0047121,           0.0075648,            0.009142,            0.009142,            0.009142
                  28,            0.035841,            0.013686,             0.00674,             0.95167,             0.57527,             0.68211,             0.43652,            0.032976,           0.0044325,            0.010313,            0.009109,            0.009109,            0.009109
                  29,            0.035367,            0.013487,           0.0071417,             0.94696,             0.64452,             0.68276,             0.44121,            0.030854,           0.0044092,           0.0042462,            0.009076,            0.009076,            0.009076
                  30,            0.035169,             0.01336,           0.0067018,             0.94326,             0.63453,             0.70323,             0.42258,            0.032768,           0.0044356,           0.0044571,            0.009043,            0.009043,            0.009043
                  31,            0.035245,            0.013332,           0.0057838,             0.91678,              0.6348,              0.9287,               0.556,            0.029566,           0.0044677,           0.0051306,             0.00901,             0.00901,             0.00901
                  32,            0.034224,             0.01335,           0.0061864,              0.9478,             0.63008,             0.81343,             0.52373,            0.030943,            0.004484,           0.0085964,            0.008977,            0.008977,            0.008977
                  33,            0.035361,            0.013673,           0.0060201,              0.9248,             0.63458,             0.74341,             0.42718,            0.035547,           0.0046641,           0.0046397,            0.008944,            0.008944,            0.008944
                  34,             0.03482,            0.013142,           0.0062321,             0.93372,             0.64263,             0.71745,             0.45028,            0.030782,           0.0044468,           0.0046113,            0.008911,            0.008911,            0.008911
                  35,            0.034268,             0.01313,           0.0055629,             0.91908,             0.68235,             0.95189,             0.65345,             0.03209,           0.0044505,           0.0047487,            0.008878,            0.008878,            0.008878
                  36,            0.033791,            0.013144,           0.0059848,              0.9192,             0.64778,             0.70007,             0.44007,            0.029561,            0.004604,           0.0043806,            0.008845,            0.008845,            0.008845
                  37,            0.033724,            0.013067,           0.0061723,             0.94604,             0.65128,             0.91692,             0.51238,            0.033628,           0.0046098,           0.0073873,            0.008812,            0.008812,            0.008812
                  38,            0.033458,            0.012602,           0.0059661,             0.91049,             0.64869,             0.80639,             0.54451,            0.032497,            0.004406,             0.00427,            0.008779,            0.008779,            0.008779
                  39,            0.034116,            0.012902,           0.0055685,             0.80101,             0.61423,             0.89249,             0.59262,            0.032241,           0.0045452,            0.010058,            0.008746,            0.008746,            0.008746
                  40,            0.033851,            0.012855,           0.0057236,             0.90222,              0.5835,             0.66994,             0.41088,            0.030356,           0.0047538,           0.0056649,            0.008713,            0.008713,            0.008713
                  41,            0.033212,            0.012781,           0.0052892,             0.94114,             0.66236,             0.77776,             0.51879,            0.028047,           0.0042838,           0.0033854,             0.00868,             0.00868,             0.00868
                  42,            0.032911,            0.012893,           0.0049607,             0.91243,             0.62554,             0.68694,             0.43683,            0.031305,           0.0044669,           0.0068011,            0.008647,            0.008647,            0.008647
                  43,            0.032728,            0.013036,           0.0048057,             0.95083,             0.68929,             0.70093,             0.47649,            0.027595,           0.0041593,           0.0046586,            0.008614,            0.008614,            0.008614
                  44,            0.033105,            0.012973,            0.005391,             0.92252,             0.63187,             0.73313,             0.48037,            0.031082,           0.0044827,           0.0067192,            0.008581,            0.008581,            0.008581
                  45,            0.032825,            0.012786,           0.0048866,             0.66214,             0.89326,             0.82813,             0.56459,            0.027292,           0.0041407,           0.0047806,            0.008548,            0.008548,            0.008548
                  46,            0.032429,            0.012892,           0.0055198,             0.90773,             0.64425,              0.6783,             0.44368,            0.030038,           0.0042465,           0.0043308,            0.008515,            0.008515,            0.008515
                  47,            0.032407,            0.012423,           0.0054297,              0.9469,             0.68735,             0.73994,             0.48191,            0.028007,           0.0041572,           0.0039344,            0.008482,            0.008482,            0.008482
                  48,            0.032968,            0.012532,           0.0052454,             0.92593,             0.64116,             0.69774,             0.45134,            0.030878,           0.0042199,           0.0046559,            0.008449,            0.008449,            0.008449
                  49,            0.031983,            0.012915,           0.0047694,             0.82132,             0.70051,             0.95229,             0.65746,            0.030177,           0.0042193,           0.0037528,            0.008416,            0.008416,            0.008416
                  50,            0.032084,            0.012588,           0.0047206,             0.92379,             0.65085,             0.73754,             0.45382,            0.030941,           0.0043853,           0.0052316,            0.008383,            0.008383,            0.008383
                  51,            0.032087,             0.01276,           0.0046981,             0.96652,             0.65642,              0.7805,             0.53687,             0.02843,           0.0041055,           0.0039377,             0.00835,             0.00835,             0.00835
                  52,             0.03212,            0.012459,           0.0052708,             0.77238,             0.88023,             0.80173,             0.55185,            0.031821,           0.0042149,           0.0085253,            0.008317,            0.008317,            0.008317
                  53,            0.032496,            0.012562,           0.0049664,             0.69382,              0.8956,              0.7459,             0.48043,            0.030632,           0.0044729,           0.0042635,            0.008284,            0.008284,            0.008284
                  54,            0.031859,            0.012182,           0.0045169,             0.84621,             0.91322,             0.93973,             0.65537,            0.028747,           0.0042704,           0.0034979,            0.008251,            0.008251,            0.008251
                  55,            0.031086,            0.012286,           0.0047097,             0.62874,             0.96295,             0.78728,             0.52528,            0.028613,           0.0042219,           0.0037554,            0.008218,            0.008218,            0.008218
                  56,            0.031304,            0.012658,           0.0040699,             0.65806,             0.64962,              0.7413,              0.4758,            0.030797,           0.0043039,           0.0065351,            0.008185,            0.008185,            0.008185
                  57,            0.031886,            0.012366,           0.0041842,             0.79355,              0.8225,             0.77807,             0.50409,            0.030579,           0.0045161,           0.0061575,            0.008152,            0.008152,            0.008152
                  58,             0.03158,            0.012584,           0.0045525,             0.92393,             0.92743,             0.96774,             0.70646,            0.026323,           0.0040493,           0.0020175,            0.008119,            0.008119,            0.008119
                  59,            0.030922,            0.012363,            0.004558,             0.77242,             0.90552,             0.79932,             0.56467,            0.027521,           0.0043571,           0.0030299,            0.008086,            0.008086,            0.008086
                  60,            0.030861,            0.012288,           0.0045147,             0.94903,             0.66936,              0.7083,             0.47659,            0.028181,           0.0043814,           0.0036327,            0.008053,            0.008053,            0.008053
                  61,             0.03138,            0.012305,           0.0037297,             0.93609,             0.60564,             0.75678,             0.49987,            0.028225,           0.0045118,            0.007383,             0.00802,             0.00802,             0.00802
                  62,            0.031399,            0.012528,           0.0043491,             0.70618,             0.62147,             0.72086,             0.45272,            0.029022,           0.0042984,           0.0053997,            0.007987,            0.007987,            0.007987
                  63,             0.03052,            0.012242,           0.0036186,             0.82195,             0.94992,             0.84565,             0.57389,             0.02897,           0.0040607,           0.0023189,            0.007954,            0.007954,            0.007954
                  64,            0.030361,            0.011938,           0.0038647,             0.71701,             0.89837,              0.7652,             0.50604,            0.028731,           0.0042932,           0.0052033,            0.007921,            0.007921,            0.007921
                  65,            0.030702,            0.012321,           0.0044112,             0.83794,             0.85368,             0.92042,             0.61166,             0.02831,           0.0041756,           0.0051715,            0.007888,            0.007888,            0.007888
                  66,            0.030353,            0.012103,           0.0041636,             0.61783,              0.9459,             0.93424,             0.55882,            0.027918,           0.0041654,           0.0037439,            0.007855,            0.007855,            0.007855
                  67,            0.030333,            0.012007,            0.004083,             0.94946,             0.69332,             0.76624,             0.51614,            0.028117,           0.0041993,           0.0033772,            0.007822,            0.007822,            0.007822
                  68,            0.030184,            0.011889,           0.0039903,             0.89007,             0.91479,             0.95057,             0.64413,            0.029936,           0.0042114,           0.0053536,            0.007789,            0.007789,            0.007789
                  69,            0.030026,            0.011888,           0.0036205,             0.89324,             0.94645,             0.95548,              0.6543,            0.028075,            0.004037,           0.0029979,            0.007756,            0.007756,            0.007756
                  70,            0.030461,            0.012113,           0.0038291,             0.90687,             0.85954,             0.93727,             0.63235,            0.027944,           0.0042333,           0.0044404,            0.007723,            0.007723,            0.007723
                  71,            0.030265,             0.01179,           0.0045192,             0.84092,             0.89554,              0.9577,             0.64787,            0.027202,           0.0041326,            0.003006,             0.00769,             0.00769,             0.00769
                  72,            0.030431,            0.012127,           0.0037609,             0.72756,             0.92096,              0.9446,             0.63743,            0.027437,           0.0041313,           0.0062096,            0.007657,            0.007657,            0.007657
                  73,            0.030081,            0.011791,           0.0038397,             0.95054,             0.91686,             0.95923,             0.70387,            0.027394,           0.0039667,            0.001924,            0.007624,            0.007624,            0.007624
                  74,            0.029581,            0.011693,           0.0036922,             0.92413,             0.84565,             0.95274,             0.62022,            0.026523,            0.004145,           0.0033549,            0.007591,            0.007591,            0.007591
                  75,            0.029572,            0.012003,           0.0034567,             0.95669,             0.92363,             0.97109,             0.72236,            0.026739,           0.0041788,             0.00303,            0.007558,            0.007558,            0.007558
                  76,            0.029925,            0.012278,           0.0040722,             0.94513,             0.65649,              0.9451,              0.6565,            0.027092,           0.0040499,           0.0052547,            0.007525,            0.007525,            0.007525
                  77,            0.029715,            0.012024,            0.003575,             0.92957,             0.93022,             0.95048,             0.64652,            0.028754,            0.003931,           0.0030023,            0.007492,            0.007492,            0.007492
                  78,            0.029402,             0.01145,           0.0031508,             0.95731,             0.68538,             0.82702,             0.59345,            0.027522,           0.0041209,           0.0033184,            0.007459,            0.007459,            0.007459
                  79,            0.029895,            0.012081,           0.0036085,             0.77442,             0.91696,              0.7957,             0.52644,            0.028126,           0.0039922,           0.0027178,            0.007426,            0.007426,            0.007426
                  80,             0.02986,            0.011838,            0.003348,             0.95456,             0.69059,             0.75424,             0.53972,            0.027471,           0.0040224,           0.0025604,            0.007393,            0.007393,            0.007393
                  81,            0.029696,            0.011768,           0.0037688,             0.72244,             0.95795,             0.79195,             0.55998,            0.026571,           0.0040748,           0.0023066,             0.00736,             0.00736,             0.00736
                  82,            0.028648,            0.011665,           0.0034317,             0.95704,             0.92992,              0.9679,             0.73178,             0.02731,           0.0040152,           0.0019014,            0.007327,            0.007327,            0.007327
                  83,            0.029836,             0.01177,           0.0038048,             0.97658,              0.6695,             0.95683,             0.66502,            0.026462,           0.0039846,           0.0050904,            0.007294,            0.007294,            0.007294
                  84,            0.029171,            0.011609,           0.0033468,             0.94433,              0.6938,              0.9598,             0.66253,            0.027336,           0.0038636,           0.0028274,            0.007261,            0.007261,            0.007261
                  85,            0.029058,            0.011265,           0.0036798,             0.77962,             0.95457,             0.96121,               0.665,            0.026408,           0.0041984,           0.0029483,            0.007228,            0.007228,            0.007228
                  86,            0.029431,            0.012023,           0.0033407,             0.92314,              0.8951,             0.94019,             0.59155,            0.026603,           0.0041355,           0.0034223,            0.007195,            0.007195,            0.007195
                  87,            0.028879,            0.011511,           0.0028517,             0.92904,             0.88083,             0.94135,              0.6768,            0.027796,           0.0040776,           0.0039796,            0.007162,            0.007162,            0.007162
                  88,            0.028359,            0.011411,           0.0034411,             0.94548,              0.9242,             0.96683,             0.70254,             0.02585,           0.0040164,            0.002003,            0.007129,            0.007129,            0.007129
                  89,            0.028704,            0.011319,           0.0032599,             0.95789,              0.9315,             0.96105,             0.66964,            0.026392,           0.0040673,           0.0023211,            0.007096,            0.007096,            0.007096
                  90,            0.028739,            0.011786,           0.0033919,              0.9583,             0.87088,             0.96433,             0.68651,            0.027019,           0.0040423,            0.002083,            0.007063,            0.007063,            0.007063
                  91,            0.028855,            0.011493,           0.0037153,             0.84568,             0.93612,             0.82759,             0.55793,            0.028327,           0.0039603,           0.0024896,             0.00703,             0.00703,             0.00703
                  92,             0.02895,            0.011679,           0.0035559,             0.68674,             0.96132,             0.79443,             0.56048,             0.02552,           0.0038505,           0.0024406,            0.006997,            0.006997,            0.006997
                  93,             0.02841,            0.011514,           0.0031523,             0.82565,             0.89217,             0.82053,              0.5858,            0.026077,           0.0039873,           0.0039095,            0.006964,            0.006964,            0.006964
                  94,            0.028084,             0.01144,            0.003259,             0.98311,             0.68447,             0.73076,             0.49278,            0.026425,           0.0040262,           0.0030073,            0.006931,            0.006931,            0.006931
                  95,            0.027977,            0.011732,           0.0031392,             0.95049,             0.92249,             0.95897,             0.71535,            0.025753,           0.0040726,           0.0018843,            0.006898,            0.006898,            0.006898
                  96,            0.028341,            0.011256,            0.003284,             0.83557,             0.90916,             0.81861,             0.57717,            0.024861,           0.0042352,           0.0033739,            0.006865,            0.006865,            0.006865
                  97,             0.02883,            0.011459,           0.0028393,             0.80952,             0.94673,             0.83898,             0.60028,            0.025397,           0.0042765,           0.0020543,            0.006832,            0.006832,            0.006832
                  98,            0.027871,            0.011446,           0.0027885,             0.95994,             0.90966,             0.94847,             0.69099,            0.025062,           0.0041217,            0.002214,            0.006799,            0.006799,            0.006799
                  99,            0.028347,            0.011503,           0.0034607,             0.86793,             0.92143,             0.93609,             0.68706,            0.026289,           0.0040668,            0.005254,            0.006766,            0.006766,            0.006766
                 100,            0.028438,            0.011232,           0.0030578,              0.8799,             0.87436,             0.94132,             0.66403,            0.025915,           0.0041069,           0.0049093,            0.006733,            0.006733,            0.006733
                 101,            0.028501,            0.011306,           0.0035035,             0.94199,             0.91767,              0.9653,             0.69203,            0.026751,           0.0039754,           0.0022486,              0.0067,              0.0067,              0.0067
                 102,            0.027774,            0.011113,           0.0031276,             0.92351,             0.95938,             0.97251,              0.6774,            0.025536,              0.0039,           0.0015703,            0.006667,            0.006667,            0.006667
                 103,            0.027912,             0.01113,            0.002737,             0.87861,             0.94889,             0.95683,             0.63285,            0.024836,           0.0038926,           0.0020632,            0.006634,            0.006634,            0.006634
                 104,            0.027624,            0.011416,           0.0027982,             0.95711,             0.92365,             0.95558,             0.69092,            0.025787,           0.0039372,           0.0037348,            0.006601,            0.006601,            0.006601
                 105,            0.027613,            0.010967,           0.0032565,             0.90373,             0.96554,             0.97465,             0.68211,            0.026077,           0.0039369,           0.0018107,            0.006568,            0.006568,            0.006568
                 106,            0.028004,             0.01153,           0.0031703,             0.94842,             0.88497,             0.95006,             0.68723,            0.025848,           0.0039689,           0.0040537,            0.006535,            0.006535,            0.006535
                 107,             0.02772,            0.011043,           0.0029828,             0.96754,             0.88413,             0.95068,             0.74154,            0.024953,           0.0040435,           0.0020037,            0.006502,            0.006502,            0.006502
                 108,            0.027255,            0.011147,           0.0025907,             0.73123,              0.9519,             0.95571,             0.70259,            0.024515,           0.0040137,            0.003415,            0.006469,            0.006469,            0.006469
                 109,            0.027343,            0.011431,           0.0030459,             0.89934,             0.92014,             0.96202,             0.71719,            0.025993,           0.0041641,           0.0033807,            0.006436,            0.006436,            0.006436
                 110,            0.027767,            0.011443,           0.0027982,              0.7214,             0.89852,             0.78751,             0.55585,            0.027207,           0.0041463,           0.0061867,            0.006403,            0.006403,            0.006403
                 111,            0.027411,            0.011278,            0.003598,             0.71765,             0.90751,             0.83327,             0.61885,            0.024853,           0.0039774,           0.0029179,             0.00637,             0.00637,             0.00637
                 112,            0.027182,             0.01131,           0.0029104,             0.75393,             0.92152,             0.79159,             0.56239,            0.025054,            0.004156,           0.0024268,            0.006337,            0.006337,            0.006337
                 113,            0.027326,            0.011189,           0.0029547,             0.83694,              0.8931,             0.82313,             0.58016,            0.024254,           0.0039667,           0.0046811,            0.006304,            0.006304,            0.006304
                 114,            0.027109,            0.011173,           0.0028048,             0.98102,              0.6883,              0.9654,             0.62462,            0.025712,            0.003999,           0.0022526,            0.006271,            0.006271,            0.006271
                 115,            0.026933,            0.010952,           0.0026448,             0.97671,             0.91261,             0.96151,             0.72482,            0.024127,           0.0040225,           0.0013215,            0.006238,            0.006238,            0.006238
                 116,            0.026505,            0.010956,            0.002737,             0.84049,             0.87607,             0.83653,             0.62101,            0.024819,            0.004116,           0.0022257,            0.006205,            0.006205,            0.006205
                 117,            0.026744,            0.011239,           0.0028515,             0.81361,             0.95457,             0.96663,             0.58878,             0.02447,           0.0040394,           0.0018591,            0.006172,            0.006172,            0.006172
                 118,            0.026839,            0.011025,           0.0025876,             0.75777,             0.92048,             0.93848,             0.65443,            0.024784,           0.0041289,            0.002914,            0.006139,            0.006139,            0.006139
                 119,            0.027237,            0.011073,           0.0030474,             0.68022,             0.89269,              0.7657,             0.55003,            0.023466,           0.0040113,           0.0065402,            0.006106,            0.006106,            0.006106
                 120,            0.027078,            0.011062,           0.0028988,             0.93787,             0.88539,             0.94301,             0.66269,            0.025857,           0.0040661,           0.0021365,            0.006073,            0.006073,            0.006073
                 121,            0.026628,            0.010966,           0.0027257,              0.9227,             0.92496,             0.95726,             0.71664,            0.025343,           0.0039653,           0.0037397,             0.00604,             0.00604,             0.00604
                 122,            0.026405,            0.010885,           0.0028651,             0.80327,             0.92599,             0.95253,             0.68064,             0.02534,           0.0041387,           0.0029663,            0.006007,            0.006007,            0.006007
                 123,            0.026938,            0.010914,           0.0027217,             0.80168,             0.94228,             0.96692,             0.67023,            0.025076,           0.0041111,           0.0018955,            0.005974,            0.005974,            0.005974
                 124,            0.026532,             0.01114,           0.0030567,              0.9615,             0.93008,             0.96572,             0.72712,            0.024803,           0.0039983,           0.0021201,            0.005941,            0.005941,            0.005941
                 125,            0.026784,            0.011255,           0.0029198,             0.92113,             0.88952,             0.96627,             0.71076,            0.023861,           0.0040639,           0.0026131,            0.005908,            0.005908,            0.005908
                 126,            0.026434,             0.01095,           0.0027325,              0.9724,             0.90111,             0.96702,             0.70072,            0.024463,           0.0040224,           0.0018123,            0.005875,            0.005875,            0.005875
                 127,            0.025976,             0.01079,           0.0025817,             0.96607,             0.89057,             0.97154,             0.67044,            0.024319,           0.0041351,           0.0017244,            0.005842,            0.005842,            0.005842
                 128,            0.026062,             0.01079,           0.0027894,             0.95197,             0.91066,             0.96311,             0.70357,            0.024209,           0.0042033,           0.0018322,            0.005809,            0.005809,            0.005809
                 129,            0.026628,            0.010936,           0.0027647,             0.82331,             0.94158,             0.96616,             0.67283,            0.024879,           0.0041639,           0.0020497,            0.005776,            0.005776,            0.005776
                 130,            0.026766,            0.011098,           0.0024945,             0.97447,             0.92569,             0.95531,             0.73757,            0.024699,           0.0040782,           0.0019354,            0.005743,            0.005743,            0.005743
                 131,            0.026173,            0.010867,           0.0025736,             0.95563,             0.88101,             0.95506,             0.74388,            0.025079,           0.0042223,           0.0018682,             0.00571,             0.00571,             0.00571
                 132,            0.026136,             0.01117,           0.0023007,             0.93766,             0.92235,             0.96591,             0.72783,            0.024236,           0.0041936,           0.0020558,            0.005677,            0.005677,            0.005677
                 133,            0.025703,            0.010654,           0.0021746,             0.93687,             0.92836,             0.96686,             0.72122,            0.024689,           0.0040527,           0.0022054,            0.005644,            0.005644,            0.005644
                 134,            0.026482,            0.010939,           0.0025626,             0.95016,             0.92335,             0.96098,             0.72229,            0.025549,           0.0041528,           0.0022996,            0.005611,            0.005611,            0.005611
                 135,            0.025947,            0.010955,           0.0025622,             0.88079,             0.71397,             0.96497,             0.72445,            0.026185,            0.003957,           0.0018987,            0.005578,            0.005578,            0.005578
                 136,            0.025508,            0.010685,           0.0024151,             0.99134,             0.68668,             0.84138,             0.59343,            0.026039,           0.0041111,           0.0022386,            0.005545,            0.005545,            0.005545
                 137,            0.026014,            0.010929,           0.0026403,             0.83342,             0.95457,             0.96052,             0.70291,            0.025626,           0.0041936,           0.0030317,            0.005512,            0.005512,            0.005512
                 138,            0.026164,            0.010792,           0.0022262,             0.84753,             0.93069,             0.84385,             0.60477,             0.02499,           0.0042104,            0.001945,            0.005479,            0.005479,            0.005479
                 139,            0.025587,             0.01062,           0.0021109,             0.94842,             0.92051,             0.96974,             0.74106,            0.025461,           0.0041023,            0.002377,            0.005446,            0.005446,            0.005446
                 140,            0.025906,            0.010933,            0.002285,              0.8378,             0.91945,             0.84172,             0.57995,            0.026004,           0.0041803,           0.0021205,            0.005413,            0.005413,            0.005413
                 141,            0.025598,            0.010808,           0.0027527,             0.97028,             0.92761,             0.96846,              0.7304,            0.025379,           0.0040721,            0.002301,             0.00538,             0.00538,             0.00538
                 142,            0.025347,            0.010777,           0.0022951,             0.84254,             0.94915,             0.95761,             0.67573,            0.025674,           0.0041593,           0.0032758,            0.005347,            0.005347,            0.005347
                 143,            0.025451,            0.010565,           0.0022742,             0.89566,             0.93184,             0.96436,             0.70296,            0.025754,           0.0041801,           0.0018919,            0.005314,            0.005314,            0.005314
                 144,            0.025642,            0.010406,           0.0021567,             0.83725,             0.92862,             0.83471,             0.58828,            0.024788,           0.0041343,           0.0022568,            0.005281,            0.005281,            0.005281
                 145,            0.026093,            0.010816,           0.0024333,             0.90378,             0.92791,             0.96708,             0.73039,            0.024684,           0.0039694,           0.0028501,            0.005248,            0.005248,            0.005248
                 146,            0.025159,            0.010776,           0.0023236,             0.80211,             0.94758,             0.84747,             0.60429,            0.025521,           0.0040495,           0.0023603,            0.005215,            0.005215,            0.005215
                 147,             0.02488,            0.010586,           0.0023202,             0.94561,              0.9216,             0.95541,             0.71087,             0.02428,           0.0040604,           0.0023257,            0.005182,            0.005182,            0.005182
                 148,            0.025457,            0.010665,           0.0021184,             0.86801,             0.95619,             0.96434,             0.70749,             0.02456,           0.0039105,           0.0018874,            0.005149,            0.005149,            0.005149
                 149,            0.025603,            0.010676,           0.0025806,             0.96764,             0.67471,             0.95665,             0.66349,            0.023708,           0.0040735,           0.0025657,            0.005116,            0.005116,            0.005116
                 150,            0.025704,            0.010761,           0.0028461,             0.77064,             0.95051,             0.82959,             0.59073,            0.023627,           0.0040853,           0.0029902,            0.005083,            0.005083,            0.005083
                 151,            0.024819,             0.01026,           0.0024071,             0.77279,             0.92026,             0.83781,             0.56768,            0.024591,           0.0041655,           0.0023674,             0.00505,             0.00505,             0.00505
                 152,            0.025437,            0.010495,           0.0022811,             0.79685,             0.96918,             0.97143,             0.66308,            0.023936,           0.0040312,           0.0019075,            0.005017,            0.005017,            0.005017
                 153,            0.024992,            0.010615,           0.0021083,             0.90694,             0.92453,              0.9561,             0.65427,            0.024322,           0.0041025,           0.0033917,            0.004984,            0.004984,            0.004984
                 154,             0.02506,             0.01059,           0.0024562,              0.8837,             0.95051,              0.9698,             0.72613,            0.024832,           0.0040321,           0.0018005,            0.004951,            0.004951,            0.004951
                 155,            0.025317,            0.010688,           0.0022205,             0.86033,              0.7135,             0.96794,              0.6934,             0.02383,           0.0040327,           0.0021165,            0.004918,            0.004918,            0.004918
                 156,             0.02457,            0.010626,           0.0023527,             0.80977,             0.95381,             0.96726,             0.70577,            0.024912,            0.004074,           0.0026572,            0.004885,            0.004885,            0.004885
                 157,            0.025164,            0.010302,           0.0019673,              0.8179,             0.93752,             0.95864,             0.70824,            0.025113,           0.0039459,           0.0021003,            0.004852,            0.004852,            0.004852
                 158,            0.024832,            0.010488,           0.0023546,             0.76136,             0.94717,             0.83928,             0.58511,            0.024805,           0.0039931,           0.0015746,            0.004819,            0.004819,            0.004819
                 159,            0.024364,            0.010026,           0.0019836,             0.80358,             0.94827,             0.96132,             0.66403,            0.024174,           0.0039179,           0.0021968,            0.004786,            0.004786,            0.004786
                 160,            0.024247,             0.01039,           0.0021451,             0.93168,             0.94158,             0.96594,             0.70889,            0.024277,           0.0040253,           0.0019035,            0.004753,            0.004753,            0.004753
                 161,            0.024742,            0.010539,           0.0023654,             0.97449,             0.68907,             0.83964,             0.61864,            0.024334,           0.0039685,            0.002428,             0.00472,             0.00472,             0.00472
                 162,            0.024826,            0.010604,           0.0026373,             0.91525,             0.94849,             0.96644,              0.7525,             0.02484,           0.0037875,           0.0022013,            0.004687,            0.004687,            0.004687
                 163,            0.024785,            0.010465,           0.0021074,             0.74526,             0.95897,             0.84172,             0.62829,            0.024013,           0.0039517,            0.001443,            0.004654,            0.004654,            0.004654
                 164,            0.024373,             0.01062,           0.0020461,             0.92376,             0.93401,             0.96827,              0.7693,            0.023331,           0.0039385,           0.0015819,            0.004621,            0.004621,            0.004621
                 165,            0.024833,            0.010456,           0.0020771,             0.93817,              0.9359,             0.96862,             0.74889,            0.023625,           0.0039197,            0.001461,            0.004588,            0.004588,            0.004588
                 166,            0.024908,            0.010571,           0.0019426,             0.97075,              0.9382,              0.9619,             0.77166,            0.022988,           0.0039416,             0.00215,            0.004555,            0.004555,            0.004555
                 167,            0.024222,            0.010374,           0.0021517,             0.82376,             0.95781,             0.96893,             0.74704,            0.023865,           0.0039893,           0.0018926,            0.004522,            0.004522,            0.004522
                 168,            0.024474,            0.010395,           0.0023688,             0.91613,             0.94195,             0.96937,             0.71394,            0.024616,           0.0039752,           0.0018911,            0.004489,            0.004489,            0.004489
                 169,            0.024672,            0.010491,           0.0020664,             0.73104,             0.90355,             0.84829,             0.57805,            0.023894,           0.0040798,           0.0016048,            0.004456,            0.004456,            0.004456
                 170,            0.024567,            0.010312,           0.0018686,              0.7673,             0.97342,             0.80912,             0.56077,            0.023385,           0.0040008,           0.0012223,            0.004423,            0.004423,            0.004423
                 171,            0.023925,            0.010161,           0.0020191,             0.77668,             0.97324,             0.85207,             0.58604,            0.023093,           0.0039794,           0.0017042,             0.00439,             0.00439,             0.00439
                 172,              0.0244,            0.010202,           0.0019162,             0.95485,             0.94246,             0.97139,             0.71994,            0.022883,           0.0039528,           0.0018749,            0.004357,            0.004357,            0.004357
                 173,             0.02394,             0.01027,           0.0021289,             0.92778,             0.94122,             0.96696,             0.69961,            0.023135,           0.0040293,           0.0017522,            0.004324,            0.004324,            0.004324
                 174,            0.023892,            0.009987,            0.001831,             0.78726,             0.95434,             0.96281,             0.62695,            0.023294,           0.0040151,           0.0017947,            0.004291,            0.004291,            0.004291
                 175,            0.024165,            0.010103,           0.0017552,             0.73629,             0.95457,             0.79709,             0.55401,            0.023875,           0.0039944,           0.0024175,            0.004258,            0.004258,            0.004258
                 176,            0.024196,             0.01027,           0.0021259,             0.81148,             0.95619,             0.96476,             0.64513,             0.02323,            0.004044,            0.002173,            0.004225,            0.004225,            0.004225
                 177,            0.024295,            0.010187,           0.0020981,             0.87646,             0.95216,             0.96693,             0.62214,            0.023167,           0.0040458,           0.0019017,            0.004192,            0.004192,            0.004192
                 178,            0.023661,            0.010156,           0.0017964,             0.85185,             0.96132,             0.96893,             0.68389,             0.02292,           0.0039742,           0.0017024,            0.004159,            0.004159,            0.004159
                 179,            0.023844,            0.010116,           0.0020839,             0.90895,             0.95294,             0.97023,             0.70455,            0.023284,           0.0039623,           0.0019567,            0.004126,            0.004126,            0.004126
                 180,            0.023689,            0.010337,           0.0019122,             0.93525,             0.94702,             0.96605,               0.695,            0.023136,           0.0040793,           0.0016877,            0.004093,            0.004093,            0.004093
                 181,            0.023924,            0.010144,           0.0018664,             0.94313,             0.94353,             0.96746,             0.72416,            0.022565,           0.0040616,           0.0018368,             0.00406,             0.00406,             0.00406
                 182,            0.023111,             0.01006,           0.0019409,             0.97378,             0.92303,             0.96447,             0.74225,            0.022946,           0.0041002,           0.0021944,            0.004027,            0.004027,            0.004027
                 183,            0.023641,            0.010208,           0.0021263,             0.94336,             0.93996,             0.96674,             0.74295,            0.023429,           0.0041641,           0.0024174,            0.003994,            0.003994,            0.003994
                 184,            0.024006,            0.010068,           0.0020486,             0.97338,             0.91655,             0.96154,             0.73918,            0.023547,           0.0041226,           0.0020401,            0.003961,            0.003961,            0.003961
                 185,            0.023655,           0.0099767,           0.0019107,             0.95442,             0.92697,             0.96082,             0.74865,             0.02325,           0.0041091,            0.001767,            0.003928,            0.003928,            0.003928
                 186,            0.023273,            0.010094,           0.0017296,             0.91384,             0.94538,             0.96343,             0.72157,            0.023147,           0.0040844,           0.0018281,            0.003895,            0.003895,            0.003895
                 187,            0.023288,            0.010099,           0.0016515,             0.78813,             0.95678,             0.96107,             0.71631,            0.023403,           0.0041006,           0.0024418,            0.003862,            0.003862,            0.003862
                 188,            0.023578,            0.010169,           0.0016977,             0.88485,             0.96393,             0.96602,             0.67075,             0.02332,           0.0040401,           0.0019474,            0.003829,            0.003829,            0.003829
                 189,            0.023521,            0.010213,           0.0017844,             0.81657,             0.95566,             0.96666,             0.64328,            0.023737,           0.0040684,           0.0021252,            0.003796,            0.003796,            0.003796
                 190,              0.0231,            0.010064,           0.0017071,             0.93602,             0.94898,              0.9648,             0.67616,            0.023556,           0.0040319,           0.0020158,            0.003763,            0.003763,            0.003763
                 191,            0.023177,           0.0098989,           0.0019669,              0.8739,             0.95104,             0.96085,             0.63778,            0.023799,           0.0040387,           0.0024665,             0.00373,             0.00373,             0.00373
                 192,            0.023355,            0.010055,           0.0017139,             0.87241,             0.95715,             0.96057,             0.66642,            0.023521,           0.0040808,           0.0023307,            0.003697,            0.003697,            0.003697
                 193,             0.02259,           0.0098176,           0.0015824,             0.94617,              0.9352,             0.95816,             0.73432,             0.02337,            0.004072,           0.0021147,            0.003664,            0.003664,            0.003664
                 194,            0.023104,            0.009972,           0.0019374,             0.94395,             0.94266,             0.96343,              0.6994,             0.02375,           0.0040595,           0.0020818,            0.003631,            0.003631,            0.003631
                 195,            0.022897,           0.0097145,           0.0017862,             0.89236,             0.95817,             0.96788,             0.70106,            0.023399,           0.0040676,            0.002063,            0.003598,            0.003598,            0.003598
                 196,            0.023246,           0.0099093,           0.0016861,             0.91127,             0.69889,             0.96551,             0.72375,            0.022925,           0.0040857,           0.0024714,            0.003565,            0.003565,            0.003565
                 197,            0.023015,           0.0098754,           0.0014741,             0.84531,             0.95051,             0.96493,              0.6767,            0.022675,           0.0040332,           0.0023594,            0.003532,            0.003532,            0.003532
                 198,            0.023289,            0.010141,           0.0015616,             0.77888,             0.95251,             0.96591,             0.67853,             0.02289,           0.0040885,           0.0022097,            0.003499,            0.003499,            0.003499
                 199,            0.023027,           0.0096645,           0.0019351,             0.74545,             0.96295,             0.96469,             0.65465,            0.023488,           0.0041497,           0.0020428,            0.003466,            0.003466,            0.003466
                 200,            0.022943,           0.0097763,            0.001804,             0.82821,             0.94614,             0.96397,             0.65202,            0.023289,           0.0041792,           0.0018019,            0.003433,            0.003433,            0.003433
                 201,            0.023071,           0.0099024,           0.0018432,             0.89861,             0.95051,             0.96693,             0.65418,            0.023204,           0.0040984,           0.0019649,              0.0034,              0.0034,              0.0034
                 202,             0.02336,           0.0098618,           0.0016617,             0.89858,              0.9432,             0.96102,             0.67492,            0.023475,           0.0040365,           0.0021963,            0.003367,            0.003367,            0.003367
                 203,            0.023066,            0.009761,           0.0015631,             0.83874,             0.94502,             0.96317,             0.74396,            0.023504,           0.0040824,           0.0024362,            0.003334,            0.003334,            0.003334
                 204,            0.022664,           0.0098059,           0.0016464,             0.75691,             0.93915,             0.96062,             0.66784,            0.023971,           0.0040929,           0.0023171,            0.003301,            0.003301,            0.003301
                 205,            0.022631,           0.0098249,           0.0016695,             0.89327,             0.70097,             0.96293,             0.64207,            0.023966,           0.0041628,           0.0022125,            0.003268,            0.003268,            0.003268
                 206,             0.02298,           0.0096838,           0.0016298,             0.81609,             0.94996,             0.96068,              0.6468,            0.023814,           0.0041894,           0.0020109,            0.003235,            0.003235,            0.003235
                 207,            0.022504,           0.0098161,           0.0013488,              0.8154,             0.95727,              0.9638,             0.65214,            0.023574,           0.0041064,            0.001883,            0.003202,            0.003202,            0.003202
                 208,            0.022434,           0.0094807,           0.0012497,             0.79233,             0.94668,             0.84009,             0.57592,            0.023457,           0.0041915,           0.0016358,            0.003169,            0.003169,            0.003169
                 209,            0.022809,           0.0097803,             0.00199,             0.76205,             0.96132,             0.84088,             0.59349,            0.023739,           0.0041937,           0.0017799,            0.003136,            0.003136,            0.003136
                 210,            0.022542,           0.0098735,           0.0022035,             0.88926,             0.71132,             0.96395,             0.67528,            0.023432,           0.0041475,           0.0025181,            0.003103,            0.003103,            0.003103
                 211,            0.022082,           0.0098264,           0.0018279,             0.77059,             0.95619,             0.96037,             0.67016,             0.02337,            0.004155,           0.0030783,             0.00307,             0.00307,             0.00307
                 212,            0.022416,           0.0098389,           0.0017521,             0.89337,             0.95547,             0.96073,             0.67057,            0.023235,           0.0041332,            0.002709,            0.003037,            0.003037,            0.003037
                 213,            0.022312,           0.0098987,           0.0014648,             0.88968,             0.70709,             0.96455,             0.67608,            0.023494,           0.0041166,           0.0022476,            0.003004,            0.003004,            0.003004
                 214,            0.022321,           0.0099696,           0.0016445,              0.9011,             0.70509,             0.96523,             0.67619,            0.024017,           0.0041538,           0.0021666,            0.002971,            0.002971,            0.002971
                 215,            0.021978,           0.0094043,           0.0014898,             0.89843,              0.7108,             0.97009,             0.67014,            0.023948,             0.00414,           0.0019889,            0.002938,            0.002938,            0.002938
                 216,            0.022166,           0.0096587,            0.001532,             0.90609,             0.70043,             0.96917,             0.65063,            0.023657,           0.0041031,           0.0020601,            0.002905,            0.002905,            0.002905
                 217,            0.022049,           0.0095499,           0.0015424,               0.866,             0.95727,             0.96542,               0.679,            0.023208,           0.0041619,           0.0021032,            0.002872,            0.002872,            0.002872
                 218,            0.022167,           0.0098222,            0.001514,             0.78601,             0.94896,             0.96518,               0.653,            0.023301,           0.0041995,           0.0018555,            0.002839,            0.002839,            0.002839
                 219,            0.021706,           0.0095418,           0.0015727,             0.86915,             0.94818,             0.96324,             0.67418,            0.023189,           0.0042069,           0.0020438,            0.002806,            0.002806,            0.002806
                 220,            0.022312,             0.00972,           0.0016013,             0.87759,             0.92901,             0.96556,             0.67466,            0.023107,           0.0041963,           0.0020013,            0.002773,            0.002773,            0.002773
                 221,            0.021971,           0.0096504,             0.00159,             0.78427,             0.93022,             0.84187,             0.59823,            0.022882,           0.0041752,           0.0018134,             0.00274,             0.00274,             0.00274
                 222,            0.022149,           0.0094536,           0.0013878,             0.75891,             0.96054,             0.84403,                0.61,            0.022856,            0.004148,           0.0018509,            0.002707,            0.002707,            0.002707
                 223,            0.021807,           0.0094018,           0.0013561,             0.88586,             0.94244,             0.96763,             0.68255,             0.02278,           0.0041384,           0.0018333,            0.002674,            0.002674,            0.002674
                 224,             0.02145,           0.0096857,           0.0013494,             0.89286,             0.94814,             0.96713,             0.70312,            0.022847,           0.0041504,           0.0021892,            0.002641,            0.002641,            0.002641
                 225,            0.021523,           0.0095905,           0.0015102,             0.85449,             0.95457,             0.96856,             0.68257,            0.022769,           0.0041327,           0.0021153,            0.002608,            0.002608,            0.002608
                 226,            0.021163,           0.0093432,           0.0013726,             0.85031,             0.95619,             0.96741,             0.67455,            0.022833,           0.0041171,           0.0020233,            0.002575,            0.002575,            0.002575
                 227,             0.02175,           0.0094579,           0.0014959,              0.9143,             0.70619,             0.96811,             0.67532,            0.023262,           0.0041188,            0.002164,            0.002542,            0.002542,            0.002542
                 228,            0.021521,           0.0093234,           0.0012349,             0.97672,             0.68518,              0.9645,             0.65022,            0.023266,           0.0041213,           0.0020952,            0.002509,            0.002509,            0.002509
                 229,            0.021551,            0.009608,             0.00158,              0.9776,              0.6846,             0.84197,             0.58869,            0.023316,            0.004097,           0.0023018,            0.002476,            0.002476,            0.002476
                 230,            0.021724,           0.0095677,           0.0013465,             0.98294,             0.69258,              0.8409,             0.57753,            0.023361,           0.0040787,           0.0022894,            0.002443,            0.002443,            0.002443
                 231,            0.020831,            0.009526,           0.0013867,             0.98142,             0.69158,             0.96779,             0.65362,             0.02323,           0.0040582,           0.0021654,             0.00241,             0.00241,             0.00241
                 232,            0.021718,           0.0094333,           0.0018298,             0.91764,             0.70457,             0.96962,             0.65288,            0.023138,           0.0040875,           0.0019732,            0.002377,            0.002377,            0.002377
                 233,            0.021052,           0.0095015,           0.0011611,             0.88878,             0.96557,              0.9714,             0.72552,            0.023122,           0.0040758,           0.0017445,            0.002344,            0.002344,            0.002344
                 234,            0.021435,           0.0095318,           0.0014346,             0.86387,             0.96689,             0.97197,             0.73034,            0.023193,           0.0040327,           0.0016672,            0.002311,            0.002311,            0.002311
                 235,            0.021212,           0.0098411,           0.0011454,             0.87204,             0.96686,             0.97097,              0.7335,            0.023262,           0.0040344,           0.0017062,            0.002278,            0.002278,            0.002278
                 236,            0.021036,           0.0093179,           0.0011486,              0.8373,             0.96025,             0.97065,             0.68181,            0.023222,           0.0040795,           0.0017947,            0.002245,            0.002245,            0.002245
                 237,             0.02065,           0.0091305,           0.0014552,             0.80801,             0.96025,             0.96914,             0.68159,            0.023134,           0.0040828,           0.0017749,            0.002212,            0.002212,            0.002212
                 238,             0.02095,           0.0094045,           0.0014314,              0.8635,             0.95457,             0.96733,             0.68492,            0.023093,           0.0040871,           0.0017779,            0.002179,            0.002179,            0.002179
                 239,            0.021021,           0.0092611,           0.0010962,             0.90369,             0.94852,             0.97005,             0.68637,            0.022837,           0.0040831,           0.0017324,            0.002146,            0.002146,            0.002146
                 240,            0.021117,           0.0090713,           0.0014785,              0.8789,             0.94889,             0.96883,             0.68188,            0.022694,           0.0040647,           0.0018055,            0.002113,            0.002113,            0.002113
                 241,             0.02066,           0.0092863,           0.0012036,             0.89453,              0.9576,             0.96769,             0.70546,            0.022518,           0.0040453,           0.0019749,             0.00208,             0.00208,             0.00208
                 242,            0.021305,           0.0092635,           0.0013355,             0.90789,             0.95423,             0.96904,             0.70598,            0.022409,           0.0040208,           0.0019615,            0.002047,            0.002047,            0.002047
                 243,            0.021325,           0.0091751,           0.0012153,             0.92188,             0.95457,             0.96837,             0.70962,            0.022584,           0.0040438,           0.0021505,            0.002014,            0.002014,            0.002014
                 244,            0.020924,           0.0091215,           0.0010136,             0.92608,             0.70294,             0.96876,             0.73108,            0.022609,           0.0040742,           0.0020733,            0.001981,            0.001981,            0.001981
                 245,            0.020777,           0.0090823,           0.0013879,             0.86848,             0.95294,             0.96949,             0.70627,            0.022913,           0.0040833,           0.0020976,            0.001948,            0.001948,            0.001948
                 246,            0.020815,           0.0089962,              0.0012,             0.86255,             0.94726,             0.96711,             0.67954,            0.022967,           0.0041133,           0.0021132,            0.001915,            0.001915,            0.001915
                 247,            0.020806,           0.0093144,           0.0015703,             0.91338,              0.9421,             0.96532,              0.6782,            0.023109,           0.0041406,           0.0022404,            0.001882,            0.001882,            0.001882
                 248,            0.020199,           0.0093086,           0.0012924,             0.89742,             0.94583,             0.96633,             0.68209,            0.023245,           0.0041398,            0.002573,            0.001849,            0.001849,            0.001849
                 249,            0.020538,           0.0091964,           0.0012533,             0.85919,             0.95317,             0.96599,             0.65382,             0.02352,           0.0041556,           0.0026426,            0.001816,            0.001816,            0.001816
                 250,            0.020514,           0.0091566,           0.0011282,             0.85489,             0.94776,             0.96457,             0.65352,            0.023659,           0.0041676,           0.0027081,            0.001783,            0.001783,            0.001783
                 251,            0.020834,           0.0090062,           0.0013067,              0.8918,             0.94726,              0.9664,             0.65207,            0.023763,            0.004195,           0.0026593,             0.00175,             0.00175,             0.00175
                 252,            0.020411,           0.0090807,           0.0013177,             0.90409,             0.70294,             0.96973,             0.65444,            0.023795,           0.0042044,           0.0025622,            0.001717,            0.001717,            0.001717
                 253,            0.020537,           0.0092007,           0.0012185,              0.9077,             0.70289,              0.9679,             0.65511,            0.023765,            0.004208,            0.002583,            0.001684,            0.001684,            0.001684
                 254,            0.020042,           0.0088515,           0.0012764,              0.9775,              0.6824,             0.96911,             0.65736,            0.023924,           0.0042479,           0.0024733,            0.001651,            0.001651,            0.001651
                 255,            0.020369,           0.0090016,          0.00098751,             0.89767,             0.69726,             0.96814,             0.65734,            0.023765,           0.0042596,           0.0024366,            0.001618,            0.001618,            0.001618
                 256,            0.020352,           0.0090588,           0.0010428,             0.91273,             0.70294,             0.97074,             0.65955,            0.023625,           0.0042435,           0.0024544,            0.001585,            0.001585,            0.001585
                 257,            0.020386,           0.0089645,           0.0010667,              0.9768,             0.68819,             0.97033,             0.65923,            0.023447,            0.004227,           0.0025517,            0.001552,            0.001552,            0.001552
                 258,            0.020052,           0.0090372,           0.0010496,             0.96883,             0.69184,              0.9708,             0.66022,            0.023306,           0.0042268,            0.002539,            0.001519,            0.001519,            0.001519
                 259,            0.020539,           0.0091768,           0.0012353,             0.96748,             0.69253,             0.96724,             0.66279,            0.023222,           0.0042234,           0.0025738,            0.001486,            0.001486,            0.001486
                 260,            0.019997,           0.0089822,          0.00091437,             0.96885,             0.68862,             0.96704,             0.63746,            0.023288,           0.0042165,           0.0024683,            0.001453,            0.001453,            0.001453
                 261,            0.020116,           0.0090528,           0.0010552,             0.97593,             0.68861,              0.9675,             0.63894,            0.023196,           0.0042241,           0.0024114,             0.00142,             0.00142,             0.00142
                 262,            0.020271,           0.0091583,           0.0010541,              0.9761,             0.68789,             0.96795,             0.63888,            0.023221,             0.00425,           0.0024827,            0.001387,            0.001387,            0.001387
                 263,            0.019721,            0.008937,           0.0010794,              0.9694,             0.68425,             0.96673,             0.63564,            0.023232,           0.0042699,            0.002508,            0.001354,            0.001354,            0.001354
                 264,            0.020076,           0.0089027,           0.0011369,             0.96964,             0.68528,             0.96735,             0.63544,            0.023183,           0.0042794,           0.0025169,            0.001321,            0.001321,            0.001321
                 265,            0.019954,           0.0091219,          0.00091958,             0.96888,             0.68477,             0.96947,             0.66372,            0.023255,           0.0042764,           0.0026436,            0.001288,            0.001288,            0.001288
                 266,              0.0199,           0.0089198,          0.00089933,             0.96707,             0.68695,             0.96849,             0.66119,             0.02328,           0.0042848,           0.0026435,            0.001255,            0.001255,            0.001255
